DATE,PRCP,SNWD,SNOW,TAVG
20120429,0.19,-9999,-9999,-9999
20120430,0,-9999,0,-9999
20120501,0.12,-9999,-9999,-9999
20120502,0.05,-9999,-9999,-9999
20120503,0,-9999,0,-9999
20120504,0.01,-9999,-9999,-9999
20120505,0.38,-9999,-9999,-9999
20120506,0.01,-9999,-9999,-9999
20120507,0,-9999,0,-9999
20120508,0,-9999,0,-9999
20120509,0.14,-9999,-9999,-9999
20120510,0.35,-9999,-9999,-9999
20120511,0,-9999,0,-9999
20120512,0,-9999,0,-9999
20120513,0,-9999,0,-9999
20120514,0.03,-9999,-9999,-9999
20120515,0.92,-9999,-9999,-9999
20120516,0.39,-9999,-9999,-9999
20120517,0,-9999,0,-9999
20120518,0,-9999,0,-9999
20120519,0,-9999,0,-9999
20120520,0,-9999,0,-9999
20120521,0.1,-9999,-9999,-9999
20120522,0.06,-9999,-9999,-9999
20120523,0.02,-9999,-9999,-9999
20120524,0,-9999,0,-9999
20120525,0,-9999,-9999,-9999
20120526,0,-9999,0,-9999
20120527,0,-9999,0,-9999
20120528,0.15,-9999,-9999,-9999
20120529,0,-9999,0,-9999
20120530,0.98,-9999,-9999,-9999
20120531,0,-9999,0,-9999
20120601,0,-9999,0,-9999
20120602,1.13,-9999,-9999,-9999
20120603,0,-9999,0,-9999
20120604,0,-9999,0,-9999
20120605,0,-9999,0,-9999
20120618,0.05,-9999,-9999,-9999
20120619,0,-9999,0,-9999
20120620,0,-9999,0,-9999
20120621,0,-9999,0,-9999
20120622,0,-9999,0,-9999
20120623,0.07,-9999,-9999,-9999
20120624,0,-9999,0,-9999
20120625,0,-9999,0,-9999
20120626,0,-9999,0,-9999
20120627,0,-9999,0,-9999
20120628,0,-9999,0,-9999
20120629,0,-9999,0,-9999
20120702,0,-9999,0,-9999
20120703,0,-9999,0,-9999
20120704,0.05,-9999,-9999,-9999
20120705,0,-9999,0,-9999
20120706,0,-9999,0,-9999
20120707,0,-9999,0,-9999
20120708,0,-9999,0,-9999
20120709,0.39,-9999,-9999,-9999
20120710,0.06,-9999,-9999,-9999
20120711,0.04,-9999,-9999,-9999
20120712,0,-9999,0,-9999
20120713,0,-9999,0,-9999
20120714,0.03,-9999,-9999,-9999
20120715,0,-9999,0,-9999
20120716,0.05,-9999,-9999,-9999
20120717,0,-9999,0,-9999
20120718,0,-9999,0,-9999
20120719,0.12,-9999,-9999,-9999
20120720,1,-9999,-9999,-9999
20120721,0.23,-9999,-9999,-9999
20120722,0.33,-9999,-9999,-9999
20120723,0,-9999,0,-9999
20120724,0,-9999,0,-9999
20120725,0,-9999,0,-9999
20120726,0,-9999,0,-9999
20120727,0,-9999,0,-9999
20120728,0,-9999,0,-9999
20120729,0.55,-9999,-9999,-9999
20120730,0,-9999,0,-9999
20120731,0,-9999,0,-9999
20120801,0.01,-9999,-9999,-9999
20120802,0,-9999,0,-9999
20120803,0,-9999,0,-9999
20120804,0,-9999,0,-9999
20120805,0,-9999,0,-9999
20120806,0.04,-9999,-9999,-9999
20120807,0,-9999,0,-9999
20120808,0,-9999,0,-9999
20120809,0,-9999,0,-9999
20120810,0.02,-9999,-9999,-9999
20120811,0.96,-9999,-9999,-9999
20120812,0,-9999,0,-9999
20120813,0,-9999,0,-9999
20120814,0,-9999,0,-9999
20120815,0.24,-9999,-9999,-9999
20120816,0,-9999,0,-9999
20120817,0,-9999,0,-9999
20120818,0.13,-9999,-9999,-9999
20120819,0,-9999,0,-9999
20120820,0.05,-9999,-9999,-9999
20120821,0.01,-9999,-9999,-9999
20120822,0.01,-9999,-9999,-9999
20120823,0,-9999,-9999,-9999
20120824,0,-9999,0,-9999
20120825,0,-9999,0,-9999
20120826,0.1,-9999,-9999,-9999
20120827,1.5,-9999,-9999,-9999
20120828,0,-9999,0,-9999
20120829,0.03,-9999,-9999,-9999
20120830,0,-9999,0,-9999
20120831,0,-9999,0,-9999
20120901,0,-9999,0,-9999
20120902,1.16,-9999,-9999,-9999
20120903,0.07,-9999,-9999,-9999
20120904,0,-9999,0,-9999
20120905,0,-9999,0,-9999
20120906,0.28,-9999,-9999,-9999
20120907,0.22,-9999,-9999,-9999
20120908,0,-9999,0,-9999
20120909,0.81,-9999,-9999,-9999
20120910,0,-9999,0,-9999
20120911,0,-9999,0,-9999
20120912,0,-9999,0,-9999
20120928,0.51,-9999,-9999,-9999
20120929,0.09,-9999,-9999,-9999
20120930,0,-9999,0,-9999
20121001,0,-9999,-9999,-9999
20121002,0.02,-9999,-9999,-9999
20121003,0.18,-9999,-9999,-9999
20121004,0.02,-9999,-9999,-9999
20121005,0,-9999,0,-9999
20121006,0,-9999,0,-9999
20121007,0,-9999,0,-9999
20121008,0.12,-9999,-9999,-9999
20121009,0.21,-9999,-9999,-9999
20121010,0.02,-9999,-9999,-9999
20121011,0,-9999,0,-9999
20121012,0,-9999,0,-9999
20121013,0,-9999,0,-9999
20121014,0,-9999,0,-9999
20121015,0,-9999,0,-9999
20121016,0.05,-9999,-9999,-9999
20121017,0,-9999,0,-9999
20121018,0,-9999,0,-9999
20121019,0.01,-9999,-9999,-9999
20121020,0.25,-9999,-9999,-9999
20121021,0,-9999,0,-9999
20121022,0,-9999,0,-9999
20121023,0,-9999,0,-9999
20121024,0,-9999,0,-9999
20121025,0,-9999,0,-9999
20121026,0,-9999,0,-9999
20121027,0,-9999,0,-9999
20121028,0,-9999,0,-9999
20121029,0.99,-9999,-9999,-9999
20121030,4.92,-9999,-9999,-9999
20121031,0.23,-9999,-9999,-9999
20121101,0,-9999,0,-9999
20121112,0,-9999,0,-9999
20121113,0.24,-9999,-9999,-9999
20121114,0.19,-9999,-9999,-9999
20121115,0,-9999,0,-9999
20121116,0,-9999,0,-9999
20121117,0,-9999,0,-9999
20121118,0,-9999,0,-9999
20121119,0,-9999,0,-9999
20121120,0,-9999,0,-9999
20121121,0,-9999,0,-9999
20121122,0,-9999,0,-9999
20121123,0,-9999,0,-9999
20121125,0,-9999,0,-9999
20121126,0,-9999,0,-9999
20121127,0.01,-9999,-9999,-9999
20121128,0.09,-9999,-9999,-9999
20121129,0,-9999,0,-9999
20121130,0,-9999,0,-9999
20121201,0,-9999,0,-9999
20121202,0,-9999,0,-9999
20121203,0.02,-9999,-9999,-9999
20121204,0,-9999,0,-9999
20121205,0,-9999,0,-9999
20121206,0.02,-9999,-9999,-9999
20121207,0.03,-9999,-9999,-9999
20121208,0.11,-9999,-9999,-9999
20121209,0.05,-9999,-9999,-9999
20121210,0.05,-9999,-9999,-9999
20121211,0.12,-9999,-9999,-9999
20121212,0,-9999,0,-9999
20121213,0,-9999,0,-9999
20121214,0,-9999,0,-9999
20121215,0,-9999,0,-9999
20121216,0.05,-9999,-9999,-9999
20121217,0.05,-9999,-9999,-9999
20121218,0.04,-9999,-9999,-9999
20121219,0,-9999,0,-9999
20121220,0,-9999,0,-9999
20121221,0.86,-9999,-9999,-9999
20121222,0,-9999,0,-9999
20121223,0,-9999,0,-9999
20121225,0.18,-9999,-9999,-9999
20121226,0.02,-9999,0,-9999
20121227,1.37,-9999,-9999,-9999
20121228,0,-9999,0,-9999
20121229,0,-9999,0,-9999
20121230,0.25,-9999,-9999,-9999
20121231,0,-9999,0,-9999
20130102,0,-9999,0,-9999
20130104,0,-9999,0,-9999
20130105,0,-9999,0,-9999
20130107,0,-9999,0,-9999
20130108,0,-9999,0,-9999
20130109,0,-9999,0,-9999
20130110,0.01,-9999,-9999,-9999
20130111,0,-9999,0,-9999
20130112,0.05,-9999,-9999,-9999
20130113,0,-9999,0,-9999
20130114,0.01,-9999,-9999,-9999
20130115,0.41,-9999,-9999,-9999
20130116,0.76,-9999,-9999,-9999
20130117,0.17,-9999,-9999,-9999
20130118,0,-9999,0,-9999
20130119,0,-9999,0,-9999
20130120,0,-9999,0,-9999
20130121,0,-9999,0,-9999
20130122,0,-9999,0,-9999
20130123,0,-9999,0,-9999
20130124,0.06,-9999,0.8,-9999
20130125,0,-9999,0,-9999
20130126,0.04,-9999,-9999,-9999
20130127,0,-9999,0,-9999
20130128,0.04,-9999,-9999,-9999
20130129,0.08,-9999,-9999,-9999
20130130,0,-9999,0,-9999
20130131,0.88,0,-9999,-9999
20130201,0.03,0.5,0.8,-9999
20130202,0,0,0,-9999
20130203,0.03,-9999,0.5,-9999
20130204,0,-9999,0,-9999
20130205,0,-9999,0,-9999
20130206,0,-9999,0,-9999
20130207,0,-9999,0,-9999
20130208,0.14,-9999,-9999,-9999
20130209,0.07,-9999,-9999,-9999
20130210,0,-9999,0,-9999
20130211,0.36,-9999,-9999,-9999
20130212,0,-9999,0,-9999
20130213,0,-9999,0,-9999
20130214,0.24,-9999,-9999,-9999
20130215,0,-9999,0,-9999
20130216,0.16,-9999,-9999,-9999
20130217,0,-9999,0,-9999
20130218,0,-9999,0,-9999
20130219,0,-9999,0,-9999
20130220,0.13,-9999,-9999,-9999
20130221,0,-9999,0,-9999
20130223,0.15,-9999,-9999,-9999
20130224,0.08,-9999,-9999,-9999
20130225,0,0,0,-9999
20130226,0,-9999,0,-9999
20130227,0.58,-9999,-9999,-9999
20130228,0.03,-9999,-9999,-9999
20130301,0,-9999,0,-9999
20130302,0,-9999,0,-9999
20130303,0,-9999,0,-9999
20130304,0,-9999,0,-9999
20130305,0,-9999,0,-9999
20130306,0.4,-9999,0.8,-9999
20130307,0.94,-9999,-9999,-9999
20130308,0,-9999,0,-9999
20130309,0,-9999,0,-9999
20130310,0,-9999,0,-9999
20130311,0,0,0,-9999
20130312,0.07,-9999,-9999,-9999
20130313,0.79,-9999,-9999,-9999
20130314,0,-9999,0,-9999
20130315,0,-9999,0,-9999
20130316,0,-9999,0,-9999
20130317,0.04,-9999,-9999,-9999
20130318,0,-9999,0,-9999
20130319,0.34,-9999,-9999,-9999
20130320,0,-9999,0,-9999
20130321,0,-9999,0,-9999
20130322,0,-9999,0,-9999
20130323,0,-9999,0,-9999
20130324,0,-9999,0,-9999
20130325,0.39,2.5,2.5,-9999
20130326,0.42,-9999,-9999,-9999
20130327,0,-9999,0,-9999
20130328,0,-9999,0,-9999
20130329,0,-9999,0,-9999
20130330,0,-9999,0,-9999
20130401,0.04,-9999,-9999,-9999
20130402,0,-9999,0,-9999
20130403,0,-9999,0,-9999
20130404,0,-9999,0,-9999
20130405,0.28,-9999,-9999,-9999
20130406,0,-9999,0,-9999
20130407,0,-9999,0,-9999
20130408,0,-9999,0,-9999
20130409,0,-9999,0,-9999
20130410,0,-9999,0,-9999
20130411,0,-9999,0,-9999
20130412,0.02,-9999,-9999,-9999
20130413,1.01,-9999,-9999,-9999
20130414,0,-9999,0,-9999
20130415,0,-9999,-9999,-9999
20130416,0.02,-9999,-9999,-9999
20130417,0,-9999,0,-9999
20130418,0.03,-9999,-9999,-9999
20130419,0.05,-9999,-9999,-9999
20130420,1.23,-9999,-9999,-9999
20130421,0,-9999,0,-9999
20130422,0,-9999,0,-9999
20130423,0,-9999,0,-9999
20130424,0,-9999,0,-9999
20130425,0.03,-9999,-9999,-9999
20130426,0,-9999,0,-9999
20130427,0,-9999,0,-9999
20130428,0,-9999,0,-9999
20130429,0.15,-9999,-9999,-9999
20130430,0.26,-9999,-9999,-9999
20130501,0.1,-9999,-9999,-9999
20130502,0,-9999,0,-9999
20130503,0,-9999,0,-9999
20130504,0,-9999,0,-9999
20130505,0,-9999,0,-9999
20130506,0,-9999,0,-9999
20130507,0.02,-9999,-9999,-9999
20130508,0.43,-9999,-9999,-9999
20130509,0.46,-9999,-9999,-9999
20130510,0.05,-9999,-9999,-9999
20130511,0.56,-9999,-9999,-9999
20130512,0.22,-9999,-9999,-9999
20130513,0,-9999,0,-9999
20130514,0,-9999,0,-9999
20130522,0,-9999,0,-9999
20130523,0.12,-9999,-9999,-9999
20130524,0.21,-9999,-9999,-9999
20130525,0,-9999,0,-9999
20130526,0,-9999,0,-9999
20130527,0,-9999,0,-9999
20130528,0.01,-9999,-9999,-9999
20130529,0.55,-9999,-9999,-9999
20130530,0,-9999,0,-9999
20130531,0,-9999,0,-9999
20130601,0,-9999,0,-9999
20130602,0,-9999,0,-9999
20130603,1.1,-9999,-9999,-9999
20130604,0.16,-9999,-9999,-9999
20130605,0,-9999,0,-9999
20130606,0,-9999,0,-9999
20130607,1.1,-9999,-9999,-9999
20130608,1.12,-9999,-9999,-9999
20130609,0.01,-9999,-9999,-9999
20130610,0.93,-9999,-9999,-9999
20130611,1.37,-9999,-9999,-9999
20130612,0,-9999,0,-9999
20130613,0,-9999,0,-9999
20130614,0.06,-9999,-9999,-9999
20130615,0.02,-9999,-9999,-9999
20130616,0,-9999,0,-9999
20130617,0,-9999,0,-9999
20130618,0.49,-9999,-9999,-9999
20130619,0.32,-9999,-9999,-9999
20130620,0,-9999,0,-9999
20130621,0,-9999,0,-9999
20130622,0,-9999,0,-9999
20130623,0,-9999,0,-9999
20130624,0.12,-9999,-9999,-9999
20130625,0.18,-9999,-9999,-9999
20130626,0.04,-9999,-9999,-9999
20130627,0.02,-9999,-9999,-9999
20130628,0.33,-9999,-9999,-9999
20130629,2.05,-9999,-9999,-9999
20130630,0,-9999,0,-9999
20130701,0.87,-9999,-9999,-9999
20130702,0.08,-9999,-9999,-9999
20130703,0.15,-9999,-9999,-9999
20130704,0,-9999,0,-9999
20130705,0,-9999,0,-9999
20130706,0,-9999,0,-9999
20130707,0,-9999,0,-9999
20130708,0.07,-9999,-9999,-9999
20130709,0,-9999,0,-9999
20130710,0,-9999,0,-9999
20130711,0.09,-9999,-9999,-9999
20130712,2.23,-9999,-9999,-9999
20130713,0.09,-9999,-9999,-9999
20130714,0.23,-9999,-9999,-9999
20130715,0,-9999,0,-9999
20130716,0,-9999,0,-9999
20130717,0,-9999,0,-9999
20130718,0,-9999,0,-9999
20130719,0,-9999,0,-9999
20130720,0,-9999,0,-9999
20130721,0,-9999,0,-9999
20130722,0,-9999,0,-9999
20130723,0.51,-9999,-9999,-9999
20130724,0,-9999,0,-9999
20130725,0,-9999,0,-9999
20130726,0,-9999,0,-9999
20130727,0,-9999,0,-9999
20130728,0.03,-9999,-9999,-9999
20130729,0.02,-9999,-9999,-9999
20130730,0,-9999,0,-9999
20130731,0,-9999,0,-9999
20130801,0.31,-9999,-9999,-9999
20130802,0.64,-9999,-9999,-9999
20130803,0,-9999,0,-9999
20130804,0.03,-9999,-9999,-9999
20130805,0,-9999,0,-9999
20130806,0,-9999,0,-9999
20130807,0.05,-9999,-9999,-9999
20130808,0,-9999,0,-9999
20130809,0,-9999,0,-9999
20130810,0.03,-9999,-9999,-9999
20130811,0,-9999,0,-9999
20130812,0,-9999,0,-9999
20130813,0,-9999,0,-9999
20130814,0.16,-9999,-9999,-9999
20130815,0,-9999,0,-9999
20130816,0,-9999,0,-9999
20130817,0,-9999,0,-9999
20130818,0.1,-9999,0,-9999
20130819,0.05,-9999,-9999,-9999
20130820,0,-9999,0,-9999
20130904,0,-9999,0,-9999
20130905,0,-9999,0,-9999
20130906,0,-9999,0,-9999
20130907,0,-9999,0,-9999
20130908,0.01,-9999,-9999,-9999
20130909,0,-9999,0,-9999
20130910,0,-9999,0,-9999
20130911,0,-9999,0,-9999
20130912,0,-9999,0,-9999
20130913,0.17,-9999,-9999,-9999
20130914,0,-9999,0,-9999
20130915,0,-9999,0,-9999
20130916,0,-9999,0,-9999
20130917,0.05,-9999,-9999,-9999
20130918,0,-9999,0,-9999
20130919,0,-9999,0,-9999
20130920,0,-9999,0,-9999
20130921,0,-9999,0,-9999
20130922,0.96,-9999,-9999,-9999
20130923,0,-9999,0,-9999
20130924,0,-9999,0,-9999
20130925,0,-9999,0,-9999
20130926,0,-9999,0,-9999
20130927,0,-9999,0,-9999
20130928,0,-9999,0,-9999
20130929,0,-9999,0,-9999
20130930,0,-9999,0,-9999
20131001,0,-9999,0,-9999
20131002,0,-9999,0,-9999
20131003,0,-9999,0,-9999
20131004,0,-9999,0,-9999
20131005,0,-9999,0,-9999
20131006,0,-9999,0,-9999
20131007,0,-9999,0,-9999
20131008,1.07,-9999,-9999,-9999
20131010,0.66,-9999,-9999,-9999
20131011,1.37,-9999,-9999,-9999
20131012,2.65,-9999,-9999,-9999
20131013,0.18,-9999,-9999,-9999
20131014,0,-9999,0,-9999
20131015,0,-9999,0,-9999
20131016,0,-9999,0,-9999
20131017,0,-9999,0,-9999
20131018,0,-9999,0,-9999
20131019,0,-9999,0,-9999
20131020,0,-9999,0,-9999
20131021,0,-9999,0,-9999
20131022,0,-9999,0,-9999
20131023,0.12,-9999,-9999,-9999
20131024,0.03,-9999,-9999,-9999
20131025,0,-9999,0,-9999
20131026,0,-9999,0,-9999
20131027,0,-9999,0,-9999
20131028,0,-9999,0,-9999
20131029,0,-9999,0,-9999
20131030,0.02,-9999,-9999,-9999
20131031,0.05,-9999,-9999,-9999
20131101,0.05,-9999,-9999,-9999
20131102,0.08,-9999,-9999,-9999
20131103,0.03,-9999,-9999,-9999
20131105,0,-9999,0,-9999
20131106,0,-9999,0,-9999
20131107,0,-9999,0,-9999
20131108,0.04,-9999,-9999,-9999
20131109,0,-9999,0,-9999
20131110,0,-9999,0,-9999
20131111,0,-9999,0,-9999
20131112,0,-9999,0,-9999
20131113,0,-9999,0,-9999
20131114,0,-9999,0,-9999
20131115,0,-9999,0,-9999
20131116,0.39,-9999,-9999,-9999
20131117,0,-9999,0,-9999
20131118,0.24,-9999,-9999,-9999
20131119,0,-9999,0,-9999
20131120,0,-9999,0,-9999
20131121,0,-9999,0,-9999
20131122,0,-9999,-9999,-9999
20131123,0.01,-9999,-9999,-9999
20131124,0,-9999,0,-9999
20131125,0,-9999,0,-9999
20131126,0,-9999,0,-9999
20131127,1.96,-9999,-9999,-9999
20131128,0.22,-9999,-9999,-9999
20131129,0,-9999,0,-9999
20131130,0,-9999,0,-9999
20131201,0,-9999,0,-9999
20131202,0,-9999,0,-9999
20131203,0,-9999,0,-9999
20131204,0,-9999,0,-9999
20131205,0,-9999,0,-9999
20131206,0.07,-9999,-9999,-9999
20131207,0.63,-9999,-9999,-9999
20131208,0,-9999,0,-9999
20131209,1.62,1,-9999,-9999
20131210,0.28,0.5,-9999,-9999
20131211,0.21,-9999,-9999,-9999
20131212,0,-9999,0,-9999
20131213,0,-9999,0,-9999
20131214,0,-9999,0,-9999
20131215,0.47,-9999,-9999,-9999
20131216,0,-9999,0,-9999
20131217,0,-9999,0,-9999
20131218,0.02,-9999,0,-9999
20131219,0,-9999,0,-9999
20131220,0,-9999,0,-9999
20131221,0,-9999,0,-9999
20131222,0,-9999,0,-9999
20131223,0.6,-9999,-9999,-9999
20131224,0.33,-9999,-9999,-9999
20131225,0,-9999,0,-9999
20131226,0,-9999,0,-9999
20131227,0,-9999,0,-9999
20131228,0,-9999,0,-9999
20131229,0.22,-9999,-9999,-9999
20131230,0.98,-9999,-9999,-9999
20131231,0,-9999,0,-9999
20140101,0,-9999,0,-9999
20140102,0,-9999,0,-9999
20140103,0.35,3.3,3.3,-9999
20140104,0,2.8,0,-9999
20140105,0,1.5,-9999,-9999
20140106,0.18,0,-9999,-9999
20140107,0.1,-9999,-9999,-9999
20140108,0,-9999,0,-9999
20140109,0,-9999,0,-9999
20140110,0.1,-9999,-9999,-9999
20140111,0.68,-9999,-9999,-9999
20140112,0.53,-9999,-9999,-9999
20140113,0,-9999,0,-9999
20140114,0.01,-9999,-9999,-9999
20140115,0.19,-9999,-9999,-9999
20140116,0,-9999,0,-9999
20140117,0,-9999,0,-9999
20140118,0,-9999,0,-9999
20140119,0,-9999,0,-9999
20140120,0,-9999,0,-9999
20140121,0,-9999,0,-9999
20140122,0.34,-9999,3.5,-9999
20140123,0,3,0,-9999
20140124,0,2.5,0,-9999
20140125,0,1.5,0,-9999
20140126,0,1,0,-9999
20140127,0,0.5,0,-9999
20140128,0,0.5,0,-9999
20140129,0.08,-9999,2.3,-9999
20140130,0,0.5,0,-9999
20140131,0,-9999,0,-9999
20140201,0,-9999,0,-9999
20140202,0,-9999,0,-9999
20140203,0.97,-9999,-9999,-9999
20140204,0.65,-9999,-9999,-9999
20140205,0.32,-9999,-9999,-9999
20140206,0.07,-9999,-9999,-9999
20140207,0,-9999,0,-9999
20140208,0,-9999,0,-9999
20140209,0,-9999,0,-9999
20140210,0.03,-9999,0.1,-9999
20140211,0,-9999,0,-9999
20140212,0,-9999,0,-9999
20140213,1.23,8,7.9,-9999
20140214,1.19,5,2.3,-9999
20140215,0.02,4.8,-9999,-9999
20140216,0.12,3.5,0,-9999
20140217,0,-9999,0,-9999
20140218,0.06,4,0.3,-9999
20140219,0.01,-9999,-9999,-9999
20140220,0.18,1.5,-9999,-9999
20140221,0,-9999,0,-9999
20140222,0.03,-9999,-9999,-9999
20140223,0,-9999,0,-9999
20140224,0,-9999,0,-9999
20140225,0,-9999,0,-9999
20140301,0,-9999,0,-9999
20140302,0,-9999,0,-9999
20140303,0.48,-9999,1.5,-9999
20140304,0.59,3.5,1,-9999
20140305,0,2,0,-9999
20140306,0,-9999,0,-9999
20140307,0,-9999,0,-9999
20140308,0,-9999,0,-9999
20140309,0,-9999,0,-9999
20140310,0,-9999,0,-9999
20140311,0,-9999,0,-9999
20140312,0,-9999,0,-9999
20140313,0.15,-9999,-9999,-9999
20140314,0,-9999,0,-9999
20140315,0,-9999,0,-9999
20140316,0,-9999,0,-9999
20140317,0.66,6.8,6.8,-9999
20140318,0.03,6,-9999,-9999
20140319,0,-9999,0,-9999
20140320,0.19,-9999,-9999,-9999
20140321,0,-9999,0,-9999
20140322,0,-9999,0,-9999
20140323,0,-9999,0,-9999
20140324,0,-9999,0,-9999
20140325,0,-9999,0,-9999
20140326,0.28,1.3,1.3,-9999
20140327,0,-9999,0,-9999
20140328,0,-9999,0,-9999
20140329,0.11,-9999,-9999,-9999
20140330,0.97,-9999,-9999,-9999
20140331,1.04,-9999,0,-9999
20140401,0,-9999,0,-9999
20140402,0,-9999,0,-9999
20140403,0.01,-9999,-9999,-9999
20140404,0,-9999,0,-9999
20140405,0.04,-9999,-9999,-9999
20140406,0,-9999,0,-9999
20140407,0.02,-9999,-9999,-9999
20140408,0.41,-9999,-9999,-9999
20140409,0,-9999,0,-9999
20140410,0,-9999,0,-9999
20140411,0,-9999,0,-9999
20140412,0,-9999,0,-9999
20140413,0,-9999,0,-9999
20140414,0,-9999,0,-9999
20140415,0.02,-9999,-9999,-9999
20140416,1.73,-9999,-9999,-9999
20140425,0,-9999,0,-9999
20140426,0.4,-9999,-9999,-9999
20140427,0.07,-9999,-9999,-9999
20140428,0,-9999,0,-9999
20140429,0.24,-9999,-9999,-9999
20140430,1.62,-9999,-9999,-9999
20140501,2.27,-9999,-9999,-9999
20140502,0.01,-9999,-9999,-9999
20140503,0,-9999,0,-9999
20140504,0,-9999,0,-9999
20140505,0,-9999,0,-9999
20140506,0.48,-9999,-9999,-9999
20140507,0,-9999,0,-9999
20140508,0.17,-9999,-9999,-9999
20140509,0,-9999,0,-9999
20140511,0.06,-9999,-9999,-9999
20140512,0,-9999,0,-9999
20140513,0.03,-9999,-9999,-9999
20140514,0,-9999,0,-9999
20140515,0,-9999,0,-9999
20140516,1.55,-9999,-9999,-9999
20140517,0.79,-9999,-9999,-9999
20140518,0,-9999,0,-9999
20140519,0,-9999,0,-9999
20140520,0,-9999,0,-9999
20140521,0,-9999,0,-9999
20140522,0.28,-9999,-9999,-9999
20140523,0,-9999,0,-9999
20140524,0,-9999,0,-9999
20140525,0,-9999,0,-9999
20140526,0,-9999,0,-9999
20140527,0,-9999,0,-9999
20140528,0.98,-9999,-9999,-9999
20140529,0.07,-9999,-9999,-9999
20140530,0.41,-9999,-9999,-9999
20140531,0,-9999,0,-9999
20140601,0,-9999,0,-9999
20140602,0,-9999,0,-9999
20140603,0,-9999,0,-9999
20140604,0.05,-9999,-9999,-9999
20140605,0.51,-9999,-9999,-9999
20140606,0,-9999,0,-9999
20140607,0,-9999,0,-9999
20140608,0,-9999,0,-9999
20140609,0.27,-9999,-9999,-9999
20140610,0,-9999,0,-9999
20140611,0.35,-9999,-9999,-9999
20140612,0.11,-9999,-9999,-9999
20140613,0.05,-9999,-9999,-9999
20140614,0.06,-9999,-9999,-9999
20140615,0,-9999,0,-9999
20140616,0,-9999,0,-9999
20140617,0,-9999,0,-9999
20140618,0,-9999,0,-9999
20140619,0.34,-9999,-9999,-9999
20140620,0,-9999,0,-9999
20140621,0,-9999,0,-9999
20140622,0.14,-9999,-9999,-9999
20140623,0,-9999,0,-9999
20140624,0,-9999,0,-9999
20140625,0,-9999,0,-9999
20140626,0.41,-9999,-9999,-9999
20140627,0,-9999,0,-9999
20140628,0,-9999,0,-9999
20140629,0,-9999,0,-9999
20140630,0,-9999,0,-9999
20140701,0,-9999,0,-9999
20140702,0,-9999,0,-9999
20140703,0.1,-9999,-9999,-9999
20140704,0.36,-9999,-9999,-9999
20140705,0,-9999,0,-9999
20140706,0,-9999,0,-9999
20140707,0,-9999,0,-9999
20140708,0,-9999,0,-9999
20140709,0.23,-9999,-9999,-9999
20140710,0.06,-9999,-9999,-9999
20140711,0.61,-9999,-9999,-9999
20140712,0,-9999,0,-9999
20140713,0,-9999,0,-9999
20140714,0.03,-9999,-9999,-9999
20140715,0.16,-9999,-9999,-9999
20140716,0.92,-9999,-9999,-9999
20140717,0,-9999,0,-9999
20140718,0,-9999,0,-9999
20140719,0,-9999,0,-9999
20140720,0,-9999,0,-9999
20140721,0.03,-9999,-9999,-9999
20140722,0,-9999,0,-9999
20140723,0,-9999,0,-9999
20140724,0.02,-9999,-9999,-9999
20140725,0,-9999,-9999,-9999
20140726,0,-9999,0,-9999
20140727,0.1,-9999,-9999,-9999
20140728,0.01,-9999,-9999,-9999
20140729,0,-9999,0,-9999
20140730,0,-9999,0,-9999
20140731,0,-9999,0,-9999
20140801,0,-9999,0,-9999
20140802,0.28,-9999,-9999,-9999
20140803,0.01,-9999,-9999,-9999
20140804,0.55,-9999,-9999,-9999
20140805,0,-9999,0,-9999
20140806,0.21,-9999,-9999,-9999
20140807,0,-9999,0,-9999
20140808,0,-9999,0,-9999
20140809,0,-9999,0,-9999
20140810,0.01,-9999,-9999,-9999
20140811,0,-9999,0,-9999
20140812,0.2,-9999,-9999,-9999
20140813,2.86,-9999,-9999,-9999
20140814,0,-9999,0,-9999
20140815,0,-9999,0,-9999
20140816,0,-9999,0,-9999
20140817,0,-9999,0,-9999
20140818,0,-9999,0,-9999
20140819,0,-9999,0,-9999
20140825,0,-9999,0,-9999
20140826,0,-9999,0,-9999
20140827,0,-9999,0,-9999
20140828,0,-9999,0,-9999
20140829,0,-9999,0,-9999
20140830,0,-9999,0,-9999
20140831,0,-9999,0,-9999
20140901,1.06,-9999,-9999,-9999
20140902,0.25,-9999,-9999,-9999
20140903,0.09,-9999,-9999,-9999
20140904,0,-9999,0,-9999
20140905,0,-9999,0,-9999
20140906,0,-9999,0,-9999
20140907,0.02,-9999,-9999,-9999
20140908,0,-9999,0,-9999
20140909,0,-9999,0,-9999
20140910,0,-9999,0,-9999
20140911,0,-9999,0,-9999
20140912,0,-9999,0,-9999
20140913,0,-9999,0,-9999
20140914,0.32,-9999,-9999,-9999
20140915,0,-9999,0,-9999
20140916,0,-9999,0,-9999
20140917,0,-9999,0,-9999
20140918,0,-9999,0,-9999
20140919,0,-9999,0,-9999
20140924,0,-9999,0,-9999
20140925,0.65,-9999,-9999,-9999
20140926,0.06,-9999,-9999,-9999
20140927,0,-9999,0,-9999
20140928,0,-9999,0,-9999
20140929,0,-9999,0,-9999
20140930,0,-9999,0,-9999
20141001,0.03,-9999,-9999,-9999
20141002,0.04,-9999,-9999,-9999
20141003,0,-9999,0,-9999
20141004,0.31,-9999,-9999,-9999
20141005,0,-9999,0,-9999
20141006,0,-9999,0,-9999
20141007,0.01,-9999,-9999,-9999
20141008,0.17,-9999,-9999,-9999
20141009,0,-9999,0,-9999
20141010,0,-9999,0,-9999
20141011,0.36,-9999,-9999,-9999
20141012,0.23,-9999,-9999,-9999
20141013,0,-9999,0,-9999
20141014,0.07,-9999,-9999,-9999
20141015,0,-9999,0,-9999
20141016,1.25,-9999,-9999,-9999
20141017,0,-9999,-9999,-9999
20141018,0,-9999,0,-9999
20141019,0,-9999,0,-9999
20141020,0,-9999,0,-9999
20141021,0,-9999,0,-9999
20141022,0.31,-9999,-9999,-9999
20141023,0.61,-9999,-9999,-9999
20141024,0,-9999,0,-9999
20141025,0,-9999,0,-9999
20141026,0,-9999,0,-9999
20141027,0,-9999,0,-9999
20141028,0,-9999,0,-9999
20141029,0,-9999,0,-9999
20141030,0.02,-9999,-9999,-9999
20141031,0,-9999,0,-9999
20141101,0,-9999,0,-9999
20141102,0,-9999,-9999,-9999
20141103,0,-9999,0,-9999
20141104,0,-9999,0,-9999
20141105,0,-9999,0,-9999
20141106,0.24,-9999,-9999,-9999
20141107,0.3,-9999,-9999,-9999
20141108,0,-9999,0,-9999
20141109,0,-9999,0,-9999
20141110,0,-9999,0,-9999
20141111,0,-9999,0,-9999
20141112,0,-9999,0,-9999
20141113,0,-9999,0,-9999
20141114,0.07,-9999,-9999,-9999
20141115,0,-9999,0,-9999
20141116,0,-9999,0,-9999
20141117,0.17,-9999,-9999,-9999
20141118,0.69,-9999,-9999,-9999
20141119,0,-9999,0,-9999
20141120,0,-9999,0,-9999
20141121,0,-9999,0,-9999
20141122,0,-9999,0,-9999
20141123,0,-9999,0,-9999
20141124,0.34,-9999,-9999,-9999
20141125,0,-9999,0,-9999
20141126,0.33,-9999,-9999,-9999
20141127,0.9,-9999,-9999,-9999
20141128,0,-9999,0,-9999
20141129,0,-9999,0,-9999
20141130,0,-9999,0,-9999
20141201,0,-9999,0,-9999
20141202,0.4,-9999,-9999,-9999
20141203,0.49,-9999,-9999,-9999
20141204,0.01,-9999,-9999,-9999
20141205,0.02,-9999,-9999,-9999
20141206,0.03,-9999,-9999,-9999
20141207,0.6,-9999,-9999,-9999
20141208,0,-9999,0,-9999
20141209,0.23,-9999,-9999,-9999
20141210,0.21,-9999,-9999,-9999
20141211,0,-9999,0,-9999
20141212,0,-9999,0,-9999
20141213,0,-9999,0,-9999
20141214,0,-9999,0,-9999
20141215,0,-9999,0,-9999
20141216,0,-9999,0,-9999
20141217,0.35,-9999,-9999,-9999
20141218,0,-9999,0,-9999
20141219,0,-9999,0,-9999
20141220,0,-9999,0,-9999
20141221,0,-9999,0,-9999
20141222,0,-9999,0,-9999
20141223,0.27,-9999,-9999,-9999
20141224,0.48,-9999,-9999,-9999
20141225,0.52,-9999,-9999,-9999
20141226,0,-9999,0,-9999
20141227,0,-9999,0,-9999
20141228,0,-9999,0,-9999
20141229,0.2,-9999,-9999,-9999
20141230,0,-9999,0,-9999
20141231,0,-9999,0,-9999
20150101,0,-9999,0,-9999
20150102,0,-9999,0,-9999
20150103,0,-9999,0,-9999
20150104,0.56,-9999,-9999,-9999
20150105,0.07,-9999,-9999,-9999
20150106,0.07,-9999,0.8,-9999
20150107,0.12,2,1.3,-9999
20150108,0,1.5,0,-9999
20150109,0,1,0,-9999
20150110,0,0.5,0,-9999
20150111,0,0.5,0,-9999
20150112,0.2,-9999,-9999,-9999
20150113,0.6,-9999,-9999,-9999
20150114,0.03,-9999,0,-9999
20150115,0,-9999,0,-9999
20150116,0,-9999,0,-9999
20150117,0,-9999,0,-9999
20150118,0,-9999,-9999,-9999
20150119,0.77,-9999,-9999,-9999
20150120,0,-9999,0,-9999
20150121,0,-9999,0,-9999
20150122,0.07,-9999,-9999,-9999
20150123,0,-9999,0,-9999
20150124,1.17,-9999,-9999,-9999
20150125,0.03,-9999,-9999,-9999
20150126,0.03,-9999,-9999,-9999
20150127,0.19,-9999,0.3,-9999
20150128,0,-9999,0,-9999
20150129,0,-9999,0,-9999
20150130,0.05,-9999,-9999,-9999
20150131,0,-9999,0,-9999
20150201,0,-9999,0,-9999
20150202,0.1,-9999,-9999,-9999
20150203,0.33,-9999,-9999,-9999
20150204,0,-9999,0,-9999
20150205,0,-9999,0,-9999
20150206,0,-9999,0,-9999
20150207,0,-9999,0,-9999
20150208,0,-9999,0,-9999
20150209,0,-9999,0,-9999
20150210,0.22,-9999,-9999,-9999
20150211,0,-9999,0,-9999
20150212,0,-9999,0,-9999
20150213,0,-9999,0,-9999
20150214,0,-9999,0,-9999
20150215,0.03,-9999,0.2,-9999
20150216,0,-9999,0,-9999
20150217,0.53,-9999,4.8,-9999
20150218,0,-9999,0,-9999
20150219,0,4,0,-9999
20150220,0,3.5,0,-9999
20150221,0,3.5,0,-9999
20150222,0.81,5.5,2,-9999
20150223,0,2.5,0,-9999
20150224,0,-9999,0,-9999
20150225,0,2,0,-9999
20150226,0.1,4,1.8,-9999
20150227,0.12,3.5,1.3,-9999
20150228,0,-9999,0,-9999
20150301,0,-9999,0,-9999
20150302,0.55,2,-9999,-9999
20150303,0,-9999,0,-9999
20150304,0.11,0.5,-9999,-9999
20150305,0.51,-9999,-9999,-9999
20150306,1.04,5.8,5.8,-9999
20150307,0,4.5,0,-9999
20150308,0,3,0,-9999
20150309,0,-9999,0,-9999
20150310,0,-9999,0,-9999
20150311,0.39,-9999,-9999,-9999
20150312,0.01,-9999,-9999,-9999
20150313,0,-9999,0,-9999
20150314,0.39,-9999,-9999,-9999
20150315,0.28,-9999,-9999,-9999
20150316,0,-9999,0,-9999
20150317,0,-9999,0,-9999
20150318,0,-9999,0,-9999
20150319,0,-9999,0,-9999
20150320,0.27,-9999,0.2,-9999
20150321,0.25,-9999,-9999,-9999
20150322,0,-9999,0,-9999
20150323,0,-9999,0,-9999
20150324,0,-9999,0,-9999
20150325,0,-9999,0,-9999
20150326,0.02,-9999,-9999,-9999
20150327,0.83,-9999,-9999,-9999
20150328,0.11,-9999,-9999,-9999
20150329,0,-9999,0,-9999
20150330,0.02,-9999,-9999,-9999
20150331,0,-9999,0,-9999
20150401,0.05,-9999,-9999,-9999
20150402,0,-9999,0,-9999
20150403,0,-9999,0,-9999
20150404,0.19,-9999,-9999,-9999
20150405,0,-9999,0,-9999
20150406,0,-9999,0,-9999
20150407,0.04,-9999,-9999,-9999
20150408,0.03,-9999,-9999,-9999
20150409,0.08,-9999,-9999,-9999
20150410,0.04,-9999,-9999,-9999
20150411,0,-9999,0,-9999
20150412,0,-9999,0,-9999
20150413,0,-9999,0,-9999
20150414,0.17,-9999,-9999,-9999
20150415,0.77,-9999,-9999,-9999
20150424,0,-9999,0,-9999
20150425,0,-9999,0,-9999
20150426,0.33,-9999,-9999,-9999
20150427,0,-9999,0,-9999
20150428,0,-9999,0,-9999
20150429,0,-9999,0,-9999
20150430,0,-9999,0,-9999
20150501,0.04,-9999,-9999,-9999
20150502,0,-9999,0,-9999
20150503,0,-9999,0,-9999
20150504,0,-9999,0,-9999
20150513,0,-9999,0,-9999
20150514,0,-9999,0,-9999
20150515,0,-9999,0,-9999
20150516,0,-9999,0,-9999
20150517,0.35,-9999,-9999,-9999
20150518,0.45,-9999,-9999,-9999
20150519,0.78,-9999,-9999,-9999
20150520,0,-9999,0,-9999
20150521,0,-9999,0,-9999
20150522,0.34,-9999,-9999,-9999
20150523,0,-9999,0,-9999
20150524,0,-9999,0,-9999
20150525,0,-9999,0,-9999
20150526,0,-9999,0,-9999
20150527,0,-9999,0,-9999
20150528,0,-9999,0,-9999
20150529,1.1,-9999,-9999,-9999
20150530,0,-9999,0,-9999
20150531,0,-9999,0,-9999
20150601,0.04,-9999,-9999,-9999
20150602,1.88,-9999,-9999,-9999
20150603,0.21,-9999,-9999,-9999
20150604,0.16,-9999,-9999,-9999
20150605,0.69,-9999,-9999,-9999
20150606,0.02,-9999,-9999,-9999
20150607,0,-9999,0,-9999
20150608,0,-9999,0,-9999
20150609,0.32,-9999,-9999,-9999
20150610,0,-9999,0,-9999
20150611,0,-9999,0,-9999
20150612,0,-9999,0,-9999
20150613,0.05,-9999,-9999,-9999
20150614,0,-9999,-9999,-9999
20150615,0.67,-9999,-9999,-9999
20150616,0.05,-9999,-9999,-9999
20150617,0,-9999,0,-9999
20150618,0.37,-9999,-9999,-9999
20150619,0.57,-9999,-9999,-9999
20150620,0,-9999,-9999,-9999
20150621,2.24,-9999,-9999,-9999
20150622,0,-9999,0,-9999
20150623,0,-9999,0,-9999
20150624,0.64,-9999,-9999,-9999
20150625,0,-9999,0,-9999
20150626,0.65,-9999,-9999,-9999
20150627,0.17,-9999,-9999,-9999
20150628,1.75,-9999,-9999,-9999
20150629,0,-9999,0,-9999
20150630,0,-9999,0,-9999
20150701,0.43,-9999,-9999,-9999
20150702,1.08,-9999,-9999,-9999
20150703,0,-9999,0,-9999
20150704,0.04,-9999,-9999,-9999
20150705,0.68,-9999,-9999,-9999
20150706,0.02,-9999,-9999,-9999
20150707,0.23,-9999,-9999,-9999
20150708,0,-9999,0,-9999
20150709,2.23,-9999,-9999,-9999
20150710,0,-9999,-9999,-9999
20150711,0.07,-9999,-9999,-9999
20150712,0.08,-9999,-9999,-9999
20150713,0,-9999,0,-9999
20150714,0.04,-9999,-9999,-9999
20150715,0,-9999,0,-9999
20150716,0.04,-9999,-9999,-9999
20150717,0,-9999,0,-9999
20150718,0,-9999,0,-9999
20150719,0.02,-9999,-9999,-9999
20150720,0,-9999,0,-9999
20150721,0,-9999,0,-9999
20150722,0.02,-9999,-9999,-9999
20150723,0,-9999,0,-9999
20150724,0,-9999,0,-9999
20150725,0,-9999,0,-9999
20150726,0,-9999,0,-9999
20150727,0.19,-9999,-9999,-9999
20150728,0.51,-9999,-9999,-9999
20150729,0,-9999,0,-9999
20150730,0,-9999,0,-9999
20150731,0.17,-9999,-9999,-9999
20150801,0,-9999,0,-9999
20150802,0,-9999,0,-9999
20150803,0,-9999,0,-9999
20150804,0,-9999,0,-9999
20150805,0.02,-9999,-9999,-9999
20150806,0,-9999,0,-9999
20150807,0.1,-9999,-9999,-9999
20150808,0,-9999,0,-9999
20150809,0,-9999,0,-9999
20150810,0.14,-9999,-9999,-9999
20150811,0.23,-9999,-9999,-9999
20150812,0.04,-9999,-9999,-9999
20150813,0,-9999,0,-9999
20150814,0,-9999,0,-9999
20150815,0,-9999,0,-9999
20150816,0,-9999,0,-9999
20150817,0,-9999,0,-9999
20150818,0,-9999,0,-9999
20150823,0,-9999,0,-9999
20150824,0,-9999,0,-9999
20150825,0.35,-9999,-9999,-9999
20150826,0,-9999,0,-9999
20150827,0,-9999,0,-9999
20150828,0,-9999,0,-9999
20150829,0,-9999,0,-9999
20150830,0,-9999,0,-9999
20150831,0,-9999,0,-9999
20150901,0,-9999,0,-9999
20150902,0,-9999,0,-9999
20150903,0,-9999,0,-9999
20150904,1.04,-9999,-9999,-9999
20150905,0,-9999,0,-9999
20150906,0,-9999,0,-9999
20150907,0,-9999,0,-9999
20150908,0,-9999,0,-9999
20150909,0,-9999,0,-9999
20150910,0.01,-9999,-9999,-9999
20150911,0.41,-9999,-9999,-9999
20150912,0,-9999,0,-9999
20150913,0.41,-9999,-9999,-9999
20150914,0,-9999,0,-9999
20150915,0,-9999,0,-9999
20150916,0,-9999,0,-9999
20150917,0,-9999,0,-9999
20150918,0,-9999,0,-9999
20150919,0,-9999,0,-9999
20150920,0,-9999,0,-9999
20150921,0,-9999,0,-9999
20150922,0.2,-9999,-9999,-9999
20150923,0,-9999,0,-9999
20150924,0,-9999,0,-9999
20150925,0,-9999,0,-9999
20150926,0,-9999,-9999,-9999
20150927,0,-9999,0,-9999
20150928,0,-9999,0,-9999
20150929,0,-9999,0,-9999
20150930,2.29,-9999,-9999,-9999
20151001,0.17,-9999,-9999,-9999
20151002,1.12,-9999,-9999,-9999
20151003,1.31,-9999,-9999,-9999
20151004,0.18,-9999,-9999,-9999
20151005,0,-9999,0,-9999
20151006,0,-9999,0,-9999
20151007,0,-9999,0,-9999
20151008,0,-9999,0,-9999
20151009,0,-9999,0,-9999
20151010,0.37,-9999,-9999,-9999
20151011,0,-9999,0,-9999
20151012,0,-9999,0,-9999
20151013,0,-9999,0,-9999
20151014,0.22,-9999,-9999,-9999
20151015,0,-9999,0,-9999
20151016,0,-9999,0,-9999
20151017,0,-9999,0,-9999
20151018,0,-9999,0,-9999
20151019,0,-9999,0,-9999
20151020,0,-9999,0,-9999
20151021,0,-9999,0,-9999
20151022,0,-9999,0,-9999
20151023,0,-9999,0,-9999
20151024,0,-9999,0,-9999
20151025,0.02,-9999,-9999,-9999
20151026,0.03,-9999,-9999,-9999
20151027,0,-9999,0,-9999
20151028,0.04,-9999,-9999,-9999
20151029,0.67,-9999,-9999,-9999
20151030,0,-9999,0,-9999
20151031,0,-9999,0,-9999
20151101,0.02,-9999,-9999,-9999
20151102,0.03,-9999,-9999,-9999
20151103,0,-9999,0,-9999
20151104,0,-9999,0,-9999
20151105,0.27,-9999,-9999,-9999
20151106,0,-9999,0,-9999
20151107,0,-9999,-9999,-9999
20151108,0.11,-9999,-9999,-9999
20151109,0,-9999,0,-9999
20151110,0.67,-9999,-9999,-9999
20151111,0.17,-9999,-9999,-9999
20151112,0,-9999,0,-9999
20151113,0.02,-9999,-9999,-9999
20151114,0,-9999,0,-9999
20151115,0,-9999,0,-9999
20151116,0,-9999,0,-9999
20151117,0,-9999,0,-9999
20151118,0,-9999,0,-9999
20151119,0.04,-9999,-9999,-9999
20151120,0.74,-9999,-9999,-9999
20151121,0,-9999,0,-9999
20151122,0,-9999,0,-9999
20151123,0,-9999,0,-9999
20151124,0,-9999,0,-9999
20151125,0,-9999,0,-9999
20151126,0,-9999,0,-9999
20151127,0,-9999,0,-9999
20151128,0,-9999,0,-9999
20151129,0.1,-9999,-9999,-9999
20151130,0.1,-9999,-9999,-9999
20151201,0.43,-9999,-9999,-9999
20151202,0.59,-9999,-9999,-9999
20151203,0.23,-9999,-9999,-9999
20151204,0,-9999,0,-9999
20151205,0,-9999,0,-9999
20151206,0,-9999,0,-9999
20151207,0,-9999,0,-9999
20151208,0,-9999,0,-9999
20151209,0,-9999,0,-9999
20151210,0,-9999,0,-9999
20151211,0,-9999,0,-9999
20151212,0,-9999,0,-9999
20151213,0,-9999,0,-9999
20151214,0,-9999,0,-9999
20151215,0.06,-9999,-9999,-9999
20151216,0,-9999,0,-9999
20151217,0,-9999,0,-9999
20151218,0.36,-9999,-9999,-9999
20151219,0,-9999,0,-9999
20151220,0,-9999,0,-9999
20151221,0,-9999,0,-9999
20151222,0.1,-9999,-9999,-9999
20151223,0.11,-9999,-9999,-9999
20151224,1.53,-9999,-9999,-9999
20151225,0.09,-9999,-9999,-9999
20151226,0.25,-9999,-9999,-9999
20151227,0.03,-9999,-9999,-9999
20151228,0.03,-9999,-9999,-9999
20151229,0.64,-9999,-9999,-9999
20151230,0.02,-9999,-9999,-9999
20151231,0.18,-9999,-9999,-9999
20160101,0,-9999,0,-9999
20160102,0,-9999,0,-9999
20160103,0,-9999,0,-9999
20160105,0,-9999,0,-9999
20160106,0,-9999,0,-9999
20160108,0.02,-9999,-9999,-9999
20160109,0.01,-9999,-9999,-9999
20160110,1.02,-9999,-9999,-9999
20160111,0.14,-9999,-9999,-9999
20160112,0,-9999,0,-9999
20160113,0,-9999,0,-9999
20160114,0,-9999,0,-9999
20160115,0,-9999,0,-9999
20160116,0.31,-9999,-9999,-9999
20160117,0,-9999,0,-9999
20160118,0.05,0,0,-9999
20160119,0,-9999,0,-9999
20160120,0,-9999,0,-9999
20160121,0.02,0.5,0.5,-9999
20160122,0,-9999,0,-9999
20160123,1.48,13.7,13.7,-9999
20160124,1.16,23,9.1,-9999
20160125,0,19.6,0,-9999
20160126,0,17.8,0,-9999
20160127,0,13,0,-9999
20160128,0,12.2,0,-9999
20160129,0,10.7,0,-9999
20160130,0,10.6,0,-9999
20160131,0,10.1,0,-9999
20160201,0,8.5,0,-9999
20160202,0.18,6.2,0,-9999
20160203,0,5.3,0,-9999
20160204,0.77,2.3,0,-9999
20160205,0.03,0.7,0,-9999
20160206,0,0.3,0,-9999
20160207,0,0.2,0,-9999
20160208,0,0,0,-9999
20160209,0.05,0,0,-9999
20160210,0.19,0,0.5,-9999
20160211,0,0,0,-9999
20160212,0,0,0,-9999
20160213,0,0,0,-9999
20160214,0,0,0,-9999
20160215,0.07,0.9,0.9,-9999
20160216,0.35,2.3,1.4,-9999
20160217,0.65,0,0,-9999
20160218,0,0,0,-9999
20160219,0,0,0,-9999
20160220,0,0,0,-9999
20160221,0,0,0,-9999
20160222,0.12,0,0,-9999
20160223,0,0,0,-9999
20160224,0.6,0,0,-9999
20160225,1.44,0,0,-9999
20160226,0,0,0,-9999
20160227,0,0,0,-9999
20160228,0,0,0,-9999
20160229,0,0,0,-9999
20160301,0,0,0,-9999
20160302,0.15,0,0,-9999
20160303,0,0,0,-9999
20160304,0.15,0.9,0.9,-9999
20160305,0,0,0,-9999
20160306,0.02,0,0,-9999
20160307,0,0,0,-9999
20160308,0,0,0,-9999
20160309,0,0,0,-9999
20160310,0,0,0,-9999
20160311,0,0,0,-9999
20160312,0,0,0,-9999
20160313,0,0,0,-9999
20160314,0.68,0,0,-9999
20160315,0.02,0,0,-9999
20160316,0.01,0,0,-9999
20160317,0,0,0,-9999
20160318,0,0,0,-9999
20160319,0,0,0,-9999
20160320,0.32,0,0,-9999
20160321,0.01,0,0,-9999
20160322,0,0,0,-9999
20160323,0,0,0,-9999
20160324,0,0,0,-9999
20160325,0,0,0,-9999
20160326,0,0,0,-9999
20160327,0,0,0,-9999
20160328,0.21,0,0,-9999
20160329,0.09,0,0,-9999
20160330,0,0,0,-9999
20160331,0,0,0,-9999
20160401,0,0,0,-9999
20160402,0.01,0,0,-9999
20160403,0.1,0,0,-9999
20160404,0,0,0,-9999
20160405,0.23,0,0,-9999
20160406,0,0,0,-9999
20160407,0,0,0,-9999
20160408,0.9,0,0,-9999
20160409,0.02,0,0,-9999
20160410,0.06,0,0,-9999
20160411,0,0,0,-9999
20160412,0,0,0,-9999
20160413,0.06,0,0,-9999
20160414,0,0,0,-9999
20160415,0,0,0,-9999
20160416,0,0,0,-9999
20160417,0,-9999,0,-9999
20160418,0,-9999,0,-9999
20160419,0,0,0,-9999
20160420,0,0,0,-9999
20160421,0,0,0,-9999
20160422,0,0,0,-9999
20160423,0.01,0,0,-9999
20160424,0.12,0,0,-9999
20160425,0,0,0,-9999
20160426,0,0,0,-9999
20160427,0,0,0,-9999
20160428,0.01,0,0,-9999
20160429,0.19,0,0,-9999
20160430,0,0,0,-9999
20160501,0.1,0,0,-9999
20160502,0.3,0,0,-9999
20160503,1.52,0,0,-9999
20160504,0.13,0,0,-9999
20160505,0,-9999,-9999,-9999
20160506,0.03,-9999,-9999,-9999
20160507,0.92,-9999,-9999,-9999
20160508,0.02,-9999,-9999,-9999
20160509,0,-9999,-9999,-9999
20160510,0.05,-9999,-9999,-9999
20160511,0.31,-9999,-9999,-9999
20160512,0.28,-9999,-9999,-9999
20160513,0,-9999,-9999,-9999
20160514,0.13,-9999,-9999,-9999
20160515,0.15,-9999,-9999,-9999
20160516,0,-9999,0,-9999
20160517,0,-9999,0,-9999
20160518,0.32,-9999,-9999,-9999
20160519,0,-9999,-9999,-9999
20160520,0,-9999,0,-9999
20160521,0,-9999,-9999,-9999
20160522,0.44,-9999,-9999,-9999
20160523,0.35,-9999,-9999,-9999
20160524,0.23,-9999,-9999,-9999
20160525,0,-9999,0,-9999
20160526,0,-9999,0,-9999
20160527,0,-9999,0,-9999
20160528,0,-9999,0,-9999
20160529,0,-9999,0,-9999
20160530,0.34,-9999,-9999,-9999
20160531,0,-9999,0,-9999
20160601,0,-9999,0,-9999
20160602,0,-9999,0,-9999
20160603,0,-9999,-9999,-9999
20160604,0.66,-9999,-9999,-9999
20160605,0.02,-9999,-9999,-9999
20160606,0.12,-9999,-9999,-9999
20160607,0,-9999,0,-9999
20160608,0,-9999,0,-9999
20160609,0,-9999,0,-9999
20160610,0,-9999,0,-9999
20160611,0,-9999,0,-9999
20160612,0,-9999,0,-9999
20160613,0,-9999,0,-9999
20160614,0,-9999,0,-9999
20160615,0,-9999,0,-9999
20160616,0.12,-9999,-9999,-9999
20160617,0.45,-9999,-9999,-9999
20160618,0,-9999,0,-9999
20160619,0,-9999,0,-9999
20160620,0,-9999,0,-9999
20160621,0,-9999,0,-9999
20160622,1.56,-9999,-9999,-9999
20160623,0,-9999,0,-9999
20160624,0.29,-9999,-9999,-9999
20160625,0.02,-9999,-9999,-9999
20160626,0,-9999,0,-9999
20160627,0,-9999,0,-9999
20160628,0,-9999,-9999,-9999
20160629,0.12,-9999,-9999,-9999
20160630,0,-9999,0,-9999
20160701,0,-9999,0,-9999
20160702,0,-9999,0,-9999
20160703,0,-9999,0,-9999
20160704,0,-9999,-9999,-9999
20160705,0.75,-9999,-9999,-9999
20160706,0.25,-9999,-9999,-9999
20160707,0,-9999,0,-9999
20160708,0,-9999,0,-9999
20160709,0.03,-9999,-9999,-9999
20160710,0,-9999,0,-9999
20160711,0,-9999,0,-9999
20160712,0,-9999,0,-9999
20160713,0,-9999,0,-9999
20160714,0.02,-9999,-9999,-9999
20160715,0,-9999,0,-9999
20160716,0,-9999,0,-9999
20160717,0.11,-9999,-9999,-9999
20160718,0,-9999,0,-9999
20160719,0.55,-9999,-9999,-9999
20160720,0.35,-9999,-9999,-9999
20160721,0,-9999,0,-9999
20160722,0,-9999,0,-9999
20160723,0,-9999,0,-9999
20160724,0,-9999,0,-9999
20160725,0,-9999,0,-9999
20160726,0,-9999,0,-9999
20160727,0,-9999,0,-9999
20160728,0,-9999,0,-9999
20160729,1.37,-9999,-9999,-9999
20160730,0.01,-9999,-9999,-9999
20160731,0.68,-9999,-9999,-9999
20160801,0.04,-9999,-9999,-9999
20160802,0,-9999,-9999,-9999
20160803,0,-9999,0,-9999
20160804,0,-9999,0,-9999
20160805,0,-9999,0,-9999
20160806,0,-9999,0,-9999
20160807,0.11,-9999,-9999,-9999
20160808,0,-9999,0,-9999
20160809,0,-9999,0,-9999
20160810,0,-9999,-9999,-9999
20160811,0,-9999,0,-9999
20160812,0,-9999,0,-9999
20160813,0.08,-9999,-9999,-9999
20160814,0,-9999,0,-9999
20160815,0.27,-9999,-9999,-9999
20160816,1.21,-9999,-9999,-9999
20160817,0,-9999,0,-9999
20160818,0.98,-9999,-9999,-9999
20160819,0,-9999,0,-9999
20160820,0,-9999,0,-9999
20160821,0,-9999,0,-9999
20160822,0.48,-9999,-9999,-9999
20160823,0,-9999,0,-9999
20160824,0,-9999,0,-9999
20160825,0,-9999,0,-9999
20160826,0,-9999,0,-9999
20160827,0,-9999,0,-9999
20160828,0,-9999,0,-9999
20160829,0,-9999,0,-9999
20160830,0,-9999,0,-9999
20160831,0,-9999,0,-9999
20160901,0.02,-9999,-9999,-9999
20160902,0.1,-9999,-9999,-9999
20160903,0,-9999,0,-9999
20160904,0,-9999,0,-9999
20160905,0,-9999,0,-9999
20160906,0,-9999,0,-9999
20160907,0,-9999,0,-9999
20160908,0.16,-9999,-9999,-9999
20160909,0,-9999,0,-9999
20160910,0,-9999,0,-9999
20160911,0,-9999,0,-9999
20160912,0,-9999,0,-9999
20160913,0,-9999,0,-9999
20160914,0,-9999,0,-9999
20160915,0,-9999,0,-9999
20160916,0,-9999,0,-9999
20160917,0,-9999,0,-9999
20160918,0,-9999,0,-9999
20160919,0,-9999,-9999,-9999
20160920,0.23,-9999,-9999,-9999
20160921,0,-9999,0,-9999
20160922,0,-9999,0,-9999
20160923,0,-9999,0,-9999
20160924,0,-9999,0,-9999
20160925,0,-9999,0,-9999
20160926,0,-9999,0,-9999
20160927,0.2,-9999,-9999,-9999
20160928,0,-9999,0,-9999
20160929,0.84,-9999,-9999,-9999
20160930,0.81,-9999,-9999,-9999
20161001,0.1,-9999,-9999,-9999
20161002,0.04,-9999,-9999,-9999
20161003,0.01,-9999,-9999,-9999
20161004,0,-9999,0,-9999
20161005,0,-9999,0,-9999
20161006,0,-9999,0,-9999
20161007,0,-9999,0,-9999
20161008,0,-9999,0,-9999
20161009,0.11,-9999,-9999,-9999
20161010,0,-9999,0,-9999
20161011,0,-9999,0,-9999
20161012,0,-9999,0,-9999
20161013,0,-9999,0,-9999
20161014,0,-9999,0,-9999
20161015,0,-9999,0,-9999
20161016,0,-9999,0,-9999
20161017,0,-9999,0,-9999
20161018,0,-9999,0,-9999
20161019,0,-9999,0,-9999
20161020,0,-9999,0,-9999
20161021,0,-9999,0,-9999
20161022,0.41,-9999,-9999,-9999
20161023,0,-9999,0,-9999
20161024,0,-9999,0,-9999
20161025,0,-9999,0,-9999
20161026,0,-9999,0,-9999
20161027,0,-9999,0,-9999
20161028,0.05,-9999,-9999,-9999
20161029,0,-9999,0,-9999
20161030,0,-9999,0,-9999
20161031,0.03,-9999,-9999,-9999